1957,,,
1. Don Bowden (Cal),3:58.7* (1),Stockton,1-Jun
,,,
1960,,,
2. Dyrol Burleson (Oregon),3:58.6 (1),Eugene,23-Apr
3. Jim Beatty (Santa Clara Valley Youth Village),3:58.0 (1),Modesto,28-May
,,,
1962,,,
4. Jim Grelle (Los Angeles TC),3:59.9 (1),Walnut,28-Apr
5. Keith Forman (Oregon),3:58.3* (1),Modesto,26-May
6. Cary Weisiger (USMC),3:59.3 (2),Modesto,26-May
7. Bill Dotson (Kansas),3:59.0* (4),Walnut,23-Jun
8. Bob Seaman (Los Angeles TC),3:58.07* (4),London,18-Aug
,,,
1963,,,
9. Tom O’Hara (Loyola/Chicago),3:59.2i (2),New York,15-Feb
,,,
1964,,,
10. Archie San Romani Jr (Oregon),3:57.6* (3),Compton,5-Jun
11. Morgan Groth (Oregon State),3:57.9* (4),Compton,5-Jun
12. Bob Day (UCLA),3:58.9 (6),Compton,5-Jun
13. Jim Ryun (Kansas HS),3:59.0 (8),Compton,5-Jun
14. Bob Schul (Miami/Ohio),3:59.1 (1),San Diego,13-Jun
,,,
1965,,,
15. John Garrison (Los Angeles TC),3:58.1* (2),Modesto,29-May
,,,
1966,,,
16. Roscoe Divine (Oregon),3:59.1 (2),Eugene,2-Jun
17. Wade Bell (Oregon),3:59.8* (3),Eugene,2-Jun
18. Tim Danielson (California HS),3:59.4* (4),San Diego,11-Jun
19. Richard Romo (unattached),3:58.8* (1),Woodland Hills,10-Aug
20. Ted Nelson (SoCal Striders),3:59.4* (2),Woodland Hills,10-Aug
,,,
1967,,,
21. Dave Patrick (Villanova),3:59.3i (1),New York,17-Feb
22. Dave Wilborn (Oregon),3:56.2* (3),Bakersfield,23-Jun
23. Tom Von Ruden (49er TC),3:56.9* (4),Bakersfield,23-Jun
24. Sam Bair (Kent State),3:58.7 (5),Bakersfield,23-Jun
25. Marty Liquori (New Jersey HS),3:59.8 (6),Bakersfield,23-Jun
,,,
1968,,,
26. Brian Kivlan (Manhattan),3:57.4* (2),Philadelphia,1-Jun
27. Jerry Richey (Pitt),3:58.6* (3),Philadelphia,1-Jun
28. Jack Fath (Fordham),3:59.5* (5),Philadelphia,1-Jun
29. Pat Traynor (USAF),3:59.0* (3),Walnut,10-Aug
,,,
1969,,,
30. Chuck LaBenz (Arizona State),3:58.4 (1),Berkeley,31-May
31. John Lawson (PCC),3:59.5 (4),Berkeley,31-May
,,,
1970,,,
32. Rick Riley (Washington State),3:59.2* (1),Westwood,16-May
33. Duncan Macdonald (Stanford),3:59.6 (3),Westwood,16-May
34. Jim Crawford (unattached),3:59.6 (1),Modesto,23-May
35. Howell Michael (William & Mary),3:59.0 (2),Philadelphia,30-May
36. John Mason (Pacific Coast Club),3:58.4 (2),Berkeley,30-May
37. Steve Prefontaine (Oregon),3:57.4 (2),Eugene,5-Jun
38. Steve Savage (Oregon),3:59.2* (5),Eugene,5-Jun
39. Dave Wottle (Bowling Green),3:59.0 (1),Bloomington,6-Jun
,,,
1971,,,
40. Len Hilton (Houston),3:59.1i (2),Houston,13-Feb
41. Greg Carlberg (Nebraska),3:59.6i* (3),Houston,13-Feb
42. Larry Rose (Oklahoma State),3:59.5 (1),Lawrence,16-Apr
43. Lee LaBadie (Illinois),3:58.8* (1),Carbondale,11-May
44. Jerome Howe (Kansas State),3:59.4 (1),Modesto,29-May
45. Bob Wheeler (Duke),3:59.9 (2),Seattle,19-Jun
46. John Baker (Sports International),3:59.8* (3),Eugene,26-Jun
,,,
1972,,,
47. Mark Winzenried (Club West),3:59.5* (2),Los Angeles,4-Mar
48. George Young (unattached),3:59.6* (3),Los Angeles,4-Mar
49. Juris Luzins (Quantico Marines),3:58.2* (2),Modesto,27-May
50. Ken Popejoy (Michigan State),3:59.7 (4),Los Angeles,9-Jun
,,,
1973,,,
51. Tony Waldrop (North Carolina),3:58.4 (1),Raleigh,21-Apr
52. Reggie McAfee (North Carolina),3:59.3 (2),Raleigh,21-Apr
53. Barry Brown (Florida TC),3:58.8* (2),Gainesville,13-May
54. Mark Feig (Oregon),3:59.5 (3),Eugene,19-May
55. Tommy Fulton (Texas Southern),3:57.8* (1),Arkadelphia,25-May
56. Charlie McMullen (Missouri),3:59.7 (1),East Lansing,26-May
57. Rick Wohlhuter (UCTC),3:58.8 (1),Wichita,2-Jun
58. Dick Buerkle (New York AC),3:58.0 (1),Gainesville,4-Jun
59. Mark Schilling (San José State),3:58.6* (6),Baton Rouge,9-Jun
60. Paul Geis (Oregon TC),3:58.0* (4),Eugene,20-Jun
61. Jim Johnson (Club Northwest),3:58.8* (6),Eugene,20-Jun
62. Scott Daggatt (Oregon),3:59.6 (7),Eugene,20-Jun
,,,
1974,,,
63. Mike Slack (unattached),3:59.7i (1),Fargo,26-Jan
64. Reed Fischer (Texas),3:59.9i* (5),Houston,9-Feb
65. Greg Gibson (Washington),3:59.1i* (3),San Diego,16-Feb
66. Paul Cummings (BYU),3:56.4* (1),Tempe,16-Mar
67. Steve Wheeler (Duke),3:59.4* (1),Raleigh,20-Apr
68. Denis Fikes (Penn),3:55.0* (2),Philadelphia,27-Apr
69. Karl Thornton (Penn),3:57.9* (4),Philadelphia,27-Apr
70. Bruce Fischer (UCTC),3:58.5* (3),Wichita,1-Jun
71. Ted Castaneda (Colorado),3:58.5* (4),Wichita,1-Jun
72. Keith Palmer (Kansas State),3:59.2* (5),Wichita,1-Jun
73. Jeff Schemmel (Kansas State),3:59.4 (6),Wichita,1-Jun
,,,
1975,,,
74. Keith Munson (ITA),3:58.5i* (2),Los Angeles,22-Mar
75. Ken Swenson (ITA),3:59.1* (2),Durham,3-May
76. Steve Foster (Florida TC),3:58.5 (1),Gainesville,6-May
77. Steve Heidenreich (Indiana),3:59.6 (2),Bowling Green,10-May
78. Matt Centrowitz (New York AC),3:59.2 (4),Modesto,24-May
79. Gary Barger (Oregon),3:58.8* (1),Eugene,29-May
80. Mike Durkin (Illinois),3:56.7* (2),Wichita,31-May
,,,
1976,,,
81. Steve Bolt (Alabama),3:59.4i* (1),Baton Rouge,28-Feb
82. Rick Musgrave (Colorado),3:59.3 (5),Wichita,29-May
,,,
1977,,,
83. Steve Scott (UC Irvine),3:59.7i (3),Los Angeles,15-Jan
84. Ron Speirs (New York AC),3:56.9* (4),Philadelphia,30-Apr
85. Steve Lacy (Wisconsin),3:59.64 (2),Wichita,27-May
86. Ed Arriola (Arizona),3:59.3* (4),Eugene,14-Jun
,,,
1978,,,
87. Greg Meyer (Athletic Attic),3:59.1i* (1),Ann Arbor,28-Jan
88. Tom Duits (Western Michigan),3:59.2* (3),Philadelphia,29-Apr
89. Don Paige (Villanova),3:58.10 (2),Westwood,7-May
90. Craig Masback (Oxbridge),3:59.6 (1),Oxford,17-Jun
91. Jerald Jones (Santa Monica TC),3:57.9* (7),Oslo,27-Jun
92. Jeff Jirele (Santa Monica TC),3:58.26* (8),Stockholm,3-Jul
93. Phil Kane (Athletics West),3:59.37 (9),Stockholm,3-Jul
94. Greg Fredericks (Reading AA),3:59.7* (2),University Park,5-Aug
95. Mike Manke (Athletics West),3:58.83* (4),Berlin,18-Aug
,,,
1979,,,
96. Mark Belger (Athletic Attic),3:58.4 (2),Berkeley,9-Jun
97. Ross Donoghue (St John’s),3:58.0 (4),Piscataway,23-Jun
98. Tom Smith (Colorado),3:58.3 (1),Tillsonburg,4-Jul
99. Andy Clifford (Cal),3:59.49 (4),Gateshead,8-Jul
,,,
1980,,,
100. Jim Spivey (Indiana),3:58.9i (3),Louisville,9-Feb
101. Ray Wicksell (Sub-4 TC),3:59.7 (1),Stanford,22-Mar
102. Ron Cornell (UCLA),3:57.7* (4),Westwood,11-May
103. Larry Mangan (Penn State),3:58.4 (1),University Park,16-May
104. Mike Wyatt (Philadelphia Pioneers),3:58.0* (5),Philadelphia,18-May
105. Richie Harris (Colorado State),3:58.3 (1),Tillsonburg,4-Jul
106. Todd Harbour (Baylor),3:58.38 (5),Stockholm,7-Jul
107. Bill McChesney (Oregon),3:59.1 (2),Eugene,26-Jul
,,,
1981,,,
108. Tom Byers (Athletics West),3:56.0i (3),Inglewood,13-Feb
109. Doug Padilla (Athletics West),3:56.6i (3),Daly City,21-Feb
110. Chuck Aragon (Notre Dame),3:59.92i (1),Champaign,28-Feb
111. Dan Aldridge (Sub-4 TC),3:59.9 (2),San José,11-Apr
112. Rudy Chapa (Oregon),3:57.04* (3),Eugene,28-May
113. Ed Spinney (Athletics West),3:57.34* (4),Eugene,28-May
114. Ken Martin (Athletics West),3:57.84* (5),Eugene,28-May
115. John Gregorek (Georgetown),3:57.10 (5),Villanova,30-May
,,,
1982,,,
117. Frank Assumma (UC Riverside),3:57.3i (2),Los Angeles,22-Jan
118. Dan Heikkinen (Athletics West),3:59.05i* (1),Ann Arbor,23-Jan
119. Vince Draddy (Virginia),3:58.2i* (4),Boston,13-Feb
120. Roger Jones (Auburn),3:58.4i (5),Boston,13-Feb
121. Thom Hunt (Athletics West),3:59.5i (6),Boston,13-Feb
122. Mark Fricker (Oregon State),3:58.3* (1),Corvallis,8-May
123. Jim Hill (Oregon),3:56.41* (1),Eugene,15-May
124. Joe Fabris (Aggie Running Club),3:58.3* (9),Eugene,5-Jun
125. Steve Plasencia (Athletics West),3:58.34* (5),London,17-Jul
,,,
1983,,,
126. Chris Fox (Athletics West),3:59.0i* (2),Johnson City,15-Jan
127. Kevin Johnson (East Tennessee),3:59.1i (3),Johnson City,15-Jan
128. Jay Woods (unattached),3:58.2i (2),Daly City,11-Feb
129. Brian Diemer (Michican),3:59.93i* (1),Ann Arbor,12-Feb
130. Dub Myers (Oregon),3:57.06 (1),Eugene,14-May
131. Gary Gustafson (Club Northwest),3:58.4* (4),Vancouver,1-Jun
132. Kevin Ryan (Athletics West),3:57.60 (5),Eugene,4-Jun
133. Adam Dixon (Harvard),3:59.39 (7),Luxembourg,20-Jul
,,,
1984,,,
134. Randy Wilson (Athletics West),3:58.74* (3),Eugene,12-May
135. Mike Blackmore (Oregon),3:59.80 (4),Eugene,12-May
136. Terry Brahm (Indiana),3:59.35 (2),Tillsonburg,7-Jul
137. Brian Theriot (adidas),3:56.10* (8),Oslo,21-Jul
,,,
1985,,,
138. Jim McKeon (Richmond),3:58.62i (6),Johnson City,19-Jan
139. Cliff Sheehan (Harvard),3:59.2* (4),Philadelphia,27-Apr
140. Gary Lewis (Fresno State),3:58.6* (7),San José,25-May
141. Richard Block (Bob Schul RT),3:59.84* (2),Tillsonburg,29-Jun
142. Henry Marsh (Athletics West),3:59.31* (3),Bern,16-Aug
,,,
1986,,,
143. Mike Stahr (New York Pioneers),3:58.79i (1),Allston,26-Jan
144. Jeff Atkinson (Stanford),3:59.9 (2),Modesto,10-May
145. Earl Jones (Santa Monica TC),3:58.76* (4),Westwood,17-May
146. Marty Hemsley (adidas),3:59.70* (4),Eugene,17-May
147. Kevin King (Club Connecticut),3:58.31* (5),Villanova,14-Jun
148. Maurice Smith (Adams State),3:59.70 (7),Belfast,30-Jun
,,,
1987,,,
149. James Murphy (Indiana TC),3:59.99i* (2),Indanapolis,16-Jan
150. Joe Falcon (Arkansas),3:56.77i (1),Fayetteville,31-Jan
151. Gawain Guy (H&R),3:58.56 (2),Modesto,9-May
152. Harold Kuphaldt (Oregon),3:59.73* (2),Eugene,16-May
153. Rich Bergesen (Oregon),3:59.79* (3),Eugene,16-May
,,,
1988,,,
154. Brian Abshire (Athletics West),3:58.62i* (2),Johnson City,22-Jan
155. Steve Ave (New Balance),3:59.09i (3),Allston,31-Jan
156. Roosevelt Jackson (Reebok),3:59.41i* (3),New York,5-Feb
157. John Quade (Arizona),3:57.3i (1),Notre Dame,6-Feb
158. Darryl Frerker (unattached),3:58.1i (2),Notr eDame,6-Feb
159. Karl Van Calcar (Oregon State),3:59.35* (1),Corvallis,7-May
160. Tim Hacker (Athletics West),3:55.7 (4),Westwood,5-Jun
161. Bruce Stirling (Reebok),3:59.1* (5),Eugene,2-Jul
,,,
1989,,,
162. Brian Jaeger (Nike Boston),3:59.47i* (2),Johnson City,27-Jan
163. Reuben Reina (Arkansas),3:58.88i (2),Ft. Worth,18-Feb
164. Bob Whelan (Kentucky),3:58.82i (3),Indianapolis,11-Mar
165. Mark Coogan (Nike Boston),3:58.81* (1),Dedham,10-Jun
166. Brad Schlapak (Northeastern),3:59.91 (2),Dedham,10-Jun
167. Greg Whiteley (Brown),3:59.15 (5),Westwood,10-Jun
168. Paul Greer (San Diego TC),3:59.79* (6),Westwood,10-Jun
,,,
1990,,,
169. Eddie Slowikowski (Loyola/Chicago),3:59.36i (1),Boston,18-Feb
170. Eric Henry (Arkansas),3:59.18i (2),Indianapolis,10-Mar
171. Jim Norris (New Balance),3:59.5* (1),Holmdel,23-Jun
,,,
1991,,,
172. Matt Taylor (Fox),3:57.84i* (2),Fayetteville,25-Jan
173. Bill Burke (Princeton),3:58.70i (1),New York,1-Feb
174. Mark Deady (Nike Indiana),3:58.65i* (1),Boston,16-Feb
175. Charles Marsala (Nike Indiana),3:58.73i* (2),Boston,16-Feb
176. Mike Michno (New Balance),3:58.94i* (3),Boston,16-Feb
177. Bill Rathbun (Boston AA),3:59.94i* (4),Boston,16-Feb
178. Bob Kennedy (Indiana),3:58.11i (1),Indianapolis,9-Mar
179. John Trautmann (Georgetown),3:58.52i (4),Indianapolis,9-Mar
180. Matt Giusto (Mizuno),3:59.18 (3),Stanford,30-Mar
181. Gerry Donakowski (Nike North),3:59.1* (4),Dedham,9-Jun
182. Terrance Herrington (Nike Atlantic),3:55.61 (8),Villeneuve-d’Ascq,1-Jul
183. Christian Cushing-Murray (SMTC),3:57.70 (10),Villeneuve-d’Ascq,1-Jul
,,,
1992,,,
184. Len Sitko (unattached),3:59.29i* (4),Birmingham,14-Mar
185. Ernie Freer (Bulldog TC),3:59.04* (1),Fresno,4-Apr
186. Steve Holman (Georgetown),3:53.31 (4),Oslo,4-Jul
187. Paul Vandegrift (William & Mary),3:59.60 (3),Belfast,31-Aug
,,,
1993,,,
188. Erik Nedeau (Northeastern),3:59.68i (1),Boston,27-Feb
189. Aaron Ramirez (Mizuno),3:59.57* (3),San Francisco,15-May
190. Jim Sorensen (Reebok),3:59.70 (4),San Francisco,15-May
191. Ronnie Harris (Sallie Mae TC),3:58.03* (5),Eugene,5-Jun
192. Bob Lesko (Sallie Mae TC),3:58.23* (6),Eugene,5-Jun
193. Danny Maas (Reebok),3:58.83* (7),Eugene,5-Jun
194. Mark Dailey (New York AC),3:57.16* (12),Oslo,10-Jul
,,,
1994,,,
195. Mark Sivieri (unattached),3:59.85i* (2),Boston,28-Jan
196. Dave Wittman (Nike Texas),3:59.28i (2),Notre Dame,5-Feb
197. Buck Jones (Club Northwest),3:57.43* (3),Eugene,4-Jun
198. Shannon Lemora (Nike Oregon),3:57.47* (4),Eugene,4-Jun
199. Benny McIntosh (Asics),3:58.25* (6),Eugene,4-Jun
200. Chris Katon (unattached),3:59.19* (9),Eugene,4-Jun
201. Jon Warren (Nike Texas),3:59.30* (10),Eugene,4-Jun
202. Jim Howarth (NikeRR),3:59.75* (12),Eugene,4-Jun
203. Shane Healy (BRC),3:59.23* (7),Cork,25-Jun
,,,
1995,,,
204. Brian Hyde (William & Mary),3:59.92i (2),Johnson City,28-Jan
205. Paul McMullen (Eastern Michigan),3:57.34i (2),Notre Dame,4-Feb
206. Jason Pyrah (Mizuno),3:58.43i (2),Los Angeles,11-Feb
207. Brad Sumner (NYAC),3:59.11* (2),Philadelphia,29-Apr
208. Tom Nohilly (Reebok East),3:59.75* (4),Philadelphia,29-Apr
209. Gordon Johnson (Brooks),3:56.24* (9),Eugene,4-Jun
,,,
1996,,,
210. Matt Holthaus (Reebok East),3:58.80i (1),Allston,10-Feb
211. Michael Cox (Nike),3:59.20* (1),Lawrence,20-Apr
,,,
1997,,,
212. Dan Browne (Army),3:59.37i (1),Annapolis,1-Feb
213. Corey Ihmels (Iowa State),3:59.70i* (2h),Indianapolis,7-Mar
214. Alan Culpepper (adidas),3:58.15 (5),Portland,11-May
215. Richie Boulet (New Balance),3:58.62 (6),Portland,11-May
216. Karl Paranya (Haverford),3:57.6 (2),Haverford,14-May
217. Jamey Harris (Reebok Aggies),3:59.19 (1),Stanford,27-May
218. Marc Davis (Nike),3:54.30* (8),Nice,16-Jul
219. Darin Shearer (CMS),3:59.76 (2),Falmouth,16-Aug
,,,
1998,,,
220. David Krummenacker (Georgia Tech),3:58.62i (2),Gainesville,7-Feb
221. Ryan Travis (Arkansas),3:59.69i (1),Ames,7-Feb
222. Seneca Lassiter (Arkansas),3:59.60i (4),New York,13-Feb
223. Brian Gallagher (La Salle),3:59.91i* (2),Boston,14-Feb
224. Gabe Jennings (Stanford),3:59.32 (3),Walnut,19-Apr
225. Brian Baker (New Balance),3:58.80* (3),Brunswick,4-Jul
226. Michael Stember (Stanford),3:59.31 (5),Brunswick,4-Jul
227. Scott Anderson (Reebok East),3:59.80 (7),Brunswick,4-Jul
,,,
1999,,,
228. Bryan Berryhill (Colorado State),3:56.52 (2),Wanganui,16-Jan
229. Tim Broe (Alabama),3:59.38i (1),Notre Dame,6-Feb
230. Jonathon Riley (Stanford),3:58.72i (2),Ames,6-Feb
231. Adam Goucher (Fila),3:57.63 (1),Eugene,15-May
,,,
2000,,,
232. Jason Lunn (Farm Team),3:58.42i (2),Boston,29-Jan
233. Rich Kenah (New Balance),3:59.43i* (6),Fayetteville,12-Feb
234. Dwight Davis (Tulsa),3:59.29* (3),Walnut,16-Apr
235. Sam Gabremariam (Reebok East),3:59.17* (4),Philadelphia,29-Apr
236. Steve Fein (Oregon),3:59.35* (3),Eugene,13-May
237. Mike Miller (FTW),3:59.86 (5),Eugene,13-May
,,,
2001,,,
238. Alan Webb (Virginia HS),3:59.86i (3),New York City,20-Jan
239. Dan Wilson (unattached),3:59.14i* (4),Roxbury Crossing,4-Feb
240. Sharif Karie (Arkansas),3:59.60i* (6),Fayetteville,10-Feb
241. Charlie Gruber (Kansas),3:58.51i (2),Fayetteville,10-Mar
242. Jeremy Tolman (Weber State),3:59.99i* (6),Fayetteville,10-Mar
243. Andy Downin (Wisconsin RRT),3:59.39 (2),Des Moines,28-Apr
244. Clay Schwabe (Army),3:59.43* (4),Princeton,12-May
245. Ibrahim Aden (Nike),3:56.95 (7),Portland,3-Jun
,,,
2002,,,
246. Jeremy Huffman (Farm Team),3:59.81i* (5),New York City,1-Mar
247. Eric Garner (Washington),3:58.93i* (1),Seattle,2-Mar
248. Donald Sage (Stanford),3:59.49i* (2),Seattle,2-Mar
249. Brandon Strong (Arizona State),3:59.59i* (3),Seattle,2-Mar
250. Ray Hughes (Nike),3:59.78i* (4),Seattle,2-Mar
251. Matt Lane (Nike),3:57.57* (10),Eugene,26-May
252. Bolota Asmerom (Nike),3:59.86* (1),Stanford,8-Jun
,,,
2003,,,
253. Rob Myers (Ohio State),3:58.64i (1),Lexington,8-Feb
254. Luke Watson (Notre Dame),3:57.83i* (1),Notre Dame,8-Feb
255. Ian Connor (Nike),3:58.24i* (5),Notre Dame,8-Feb
256. Jason Long (Asics),3:59.99i* (4),New York City,15-Feb
257. Grant Robison (Stanford),3:58.95i* (1),Seattle,8-Mar
,,,
2004,,,
258. Jordan Desilets (Eastern Michigan),3:59.83i* (4),Notre Dame,7-Feb
259. Nathan Robison (BYU),3:59.99i* (1),Seattle,14-Feb
260. Steve Slattery (Nike),3:59.78 (7),Eugene,19-Jun
261. Aaron Lanzel (US Navy),3:59.88* (8),Eugene,19-Jun
262. Said Ahmed (Arkansas),3:57.33 (2),Burnaby,1-Jul
263. Chris Estwanik (Nike Farm Team),3:58.17* (3),Burnaby,1-Jul
264. Daniel Lincoln (Nike),3:57.68* (11),London,30-Jul
,,,
2005,,,
265. Bernard Lagat (Nike),3:53.61i (2),Roxbury Crossing,29-Jan
266. Scott McGowan (New Balance),3:58.91i (7),Roxbury Crossing,29-Jan
267. Sean Jefferson (Indiana),3:56.44i* (1),Notre Dame,5-Feb
268. John Jefferson (Indiana),3:57.85i (2),Notre Dame,5-Feb
269. Leo Manzano (Texas),3:59.86i (1),Lincoln,26-Feb
270. Jon Rankin (UCLA),3:57.89 (1),Westwood,9-Apr
271. Bryan Lindsay (BYU),3:59.16* (2),Westwood,9-Apr
272. Anthony Famiglietti (adidas),3:58.23 (1),Nashville,4-Jun
,,,
2006,,,
273. Sean O’Brien (Nike Farm Team),3:59.05i (1),Seattle,14-Jan
274. Elliott Blount (Nike Farm Team),3:59.61i* (4),Seattle,14-Jan
275. Chris Lukezic (Reebok),3:58.53i (10),Roxbury Crossing,28-Jan
276. Ryan Kleimenhagen (Team Minnesota),3:59.00i* (11),Roxbury Crossing,28-Jan
277. Russell Brown (Stanford),3:59.65i (3),Fayetteville,10-Feb
278. Austin Abbott (Washington),3:59.47i (2),Seattle,11-Feb
279. Stephen Pifer (Colorado),3:59.55i (3),Seattle,11-Feb
280. Christian Smith (Kansas State),3:59.60i* (2),Ames,4-Mar
281. Michael McGrath (Oregon),3:59.25i* (1),Seattle,4-Mar
282. Jason Jabaut (Nike Farm Team),3:59.07 (4),Beaverton,4-May
283. Matt Tegenkamp (Nike),3:56.38* (1),Madison,6-May
284. Chris Solinsky (Wisconsin),3:57.80 (2),Madison,6-May
,,,
2007,,,
285. Nick Symmonds (Oregon TC),3:56.72i* (1),Seattle,13-Jan
286. Garrett Heath (Stanford),3:59.60i (2),Seattle,10-Feb
287. Blake Boldon (Saucony),3:59.18i* (1),Ames,3-Mar
288. Josh McDougal (Liberty),3:57.46* (1),Lynchburg,31-Mar
289. David Torrence (Cal),3:58.62 (1),Berkeley,28-Apr
290. Bobby Curtis (Villanova),3:57.20* (1),Swarthmore,14-May
291. Michael Kerrigan (Villanova),3:59.60* (2),Swarthmore,14-May
292. Jeff See (unattached),3:58.70 (2),Nashville,2-Jun
293. Jake Watson (Notre Dame),3:59.40* (3),Nashville,2-Jun
294. Ben Gregory (Wisconsin RRT),3:59.69* (4),Nashville,2-Jun
295. Sean Graham (Oregon TC),3:58.4* (2),Beaverton,10-Jun
296. Ben True (Dartmouth),3:59.99 (1),Cambridge,17-Jun
297. Seth Summerside (adidas),3:57.84* (4),Brasschaat,21-Jul
,,,
2008,,,
298. Will Leer (Oregon TC),3:59.83i (1),Seattle,19-Jan
299. Andrew Bumbalough (Georgetown),3:58.46i (1),New Haven,2-Feb
300. John Richardson (Kentucky),3:59.35i* (2),Lexington,2-Feb
301. Steve Sherer (Athletic Performance),3:56.00i* (1),Seattle,2-Feb
302. Kyle Perry (BYU),3:59.16i* (2),Seattle,2-Feb
303. Kyle Alcorn (Arizona State),3:59.82i* (3),Seattle,2-Feb
304. Jack Bolas (Wisconsin),3:59.40i (1),Notre Dame,9-Feb
305. Jordan Fife (Brooks Indiana),3:59.75i* (2),Notre Dame,9-Feb
306. Brandon Bethke (Wisconsin),3:59.85i (3),Notre Dame,9-Feb
307. AJ Acosta (Oregon),3:58.52i (1),Seattle,8-Mar
308. Darren Brown (Texas),3:59.99 (3),Austin,5-Apr
309. Laef Barnes (UCLA),3:59.96* (1),Westwood,12-Apr
310. Scott Bauhs (Chico State),3:59.81* (1),Chico,12-Apr
311. Andrew Wheating (Oregon),3:58.16 (1),Eugene,26-Apr
312. Lopez Lomong (Nike),3:53.97 (5),Eugene,8-Jun
,,,
2009,,,
313. German Fernandez (Oklahoma State),3:56.50i (1),Fayetteville,24-Jan
314. Dorian Ulrey (Arkansas),3:57.60i (2),Fayetteville,24-Jan
315. Liam Boylan-Pett (unattached),3:59.40i (1),University Park,31-Jan
316. Shane Knoll (Michigan State),3:57.36i* (1),Notre Dame,7-Feb
317. Justin Switzer (Michigan),3:58.86i* (3),Notre Dame,7-Feb
318. Jacob Boone (Oklahoma),3:59.07i* (4),Notre Dame,7-Feb
319. Matthew Centrowitz (Oregon),3:57.92i (1),Seattle,14-Feb
320. Craig Miller (Wisconsin),3:59.09i (1),Notre Dame,7-Mar
321. Galen Rupp (Oregon),3:57.86i (1),Seattle,7-Mar
322. Michael Coe (Cal),3:56.18* (1),Berkeley,25-Apr
323. Tommy Schmitz (Saucony),3:58.92 (3),Berkeley,25-Apr
324. Derek Scott (Brooks),3:57.87* (2),St. Louis,23-May
325. Tom Brooks (Oregon TC),3:59.31* (1),Beaverton,28-May
326. Dan Strackeljahn (Big River RC),3:59.77* (2),Murfreesboro,6-Jun
327. Evan Jager (Oregon TC),3:54.35 (7),Eugene,7-Jun
328. Jordan McNamara (Oregon),3:59.87 (1),Eugene,16-Jul
329. Mark Thompson (unattached),3:59.29* (3),Brasschaat,26-Jul
,,,
2010,,,
330. Andrew Bayer (Indiana),3:58.98i (4),Bloomington,29-Jan
331. Erik van Ingen (Binghamton),3:59.58i (1),University Park,30-Jan
332. Abdi Hassan (Arizona),3:59.76i (3),Seattle,30-Jan
333. Alex McClary (unattached),3:57.32i* (2),Fayetteville,12-Feb
334. Andy McClary (unattached),3:58.95i (5),Fayetteville,12-Feb
335. Riley Masters (Maine),3:59.97i (1),Allston,13-Feb
336. Dylan Ferris (Stanford),3:58.90i* (1),Seattle,13-Feb
337. Eric Harasyn (Oklahoma),3:59.97i (3),Seattle,13-Feb
338. Mac Fleet (Oregon),3:57.70i (2),Seattle,13-Feb
339. Mark Matusak (Cal),3:58.36i* (3),Seattle,13-Feb
340. Jordan Horn (adidas),3:58.67i* (5),Seattle,13-Feb
341. Andrew Jesien (unattached),3:58.91i* (7),Seattle,13-Feb
342. Sam Bair Jr (unattached),3:59.72i* (10),Seattle,13-Feb
343. Kyle Merber (Columbia),3:58.52i (1),New York,5-Mar
344. Tony Jordanek (unattached),3:58.80i* (2),New York,5-Mar
345. Kyle Heath (unattached),3:59.83i* (4),New York,5-Mar
346. Ben Blankenship (Minnesota),3:57.87i (1),Seattle,6-Mar
347. Blake Shaw (USC),3:59.85i* (5),Seattle,6-Mar
348. Steve Sodaro (Cal),3:59.42* (2),Berkeley,24-Apr
349. Kyle King (unattached),3:59.84* (4),Nashville,5-Jun
,,,
2011,,,
350. Rob Novak (New York AC),3:59.70i (4),New York,22-Jan
351. Cory Leslie (Ohio State),3:57.97i (1),University Park,29-Jan
352. Patrick Casey (Montana State),3:59.76i(A) (1),Bozeman,4-Feb
353. Mack Chaffee (Ragged Mountain),3:58.80i* (5),Boston,12-Feb
354. Miles Batty (BYU),3:55.79i (2),Seattle,12-Feb
355. Duncan Phillips (Arkansas),3:58.82i (5),Seattle,12-Feb
356. Michael Hammond (Va Tech),3:58.41i (1),Notre Dame,5-Mar
357. Jeff Thode (Iowa),3:58.72i* (2),Notre Dame,5-Mar
358. James Cameron (Washington),3:58.51i* (2),Seattle,5-Mar
359. Matt Elliott (Brooks),3:58.96 (1),Nashville,4-Jun
360. Patrick Todd (unattached),3:59.76* (4),Nashville,4-Jun
361. Kyle Miller (Nike),3:55.38* (5),Eugene,4-Jun
,,,
2012,,,
362. Timothy Ritchie (Boston AA),3:58.49i* (2),Boston,28-Jan
363. Christian Gonzalez (New Jersey/New York TC),3:59.98i* (4),Boston,28-Jan
364. Ryan Hill (NC State),3:58.33i (1),Blacksburg,3-Feb
365. Peter Callahan (Princeton),3:58.86i (1),University Park,4-Feb
366. Brian Gagnon (New Jersey/New York TC),3:57.91i* (2),Boston,11-Feb
367. Eric Jenkins (Northeastern),3:59.18i (4),Boston,11-Feb
368. Alex Hatz (Wisconsin),3:58.68i* (1),Fayetteville,11-Feb
369. George Alex (Oklahoma),3:58.76i* (2),Fayetteville,11-Feb
370. Frezer Legesse (Oklahoma),3:58.95i (4),Fayetteville,11-Feb
371. Michael Atchoo (Stanford),3:59.92i (1),Seattle,11-Feb
372. Robby Creese (Penn State),3:59.52i (2),Seattle,11-Feb
373. Matt Maldonado (Long Beach State),3:59.08i* (1),Seattle,25-Feb
374. Chris Derrick (Stanford),3:59.13i* (2),Seattle,25-Feb
375. Joe Stilin (Princeton),3:59.98i (4),New York,3-Mar
376. Kirubel Erassa (Oklahoma State),3:58.84i (1),Notre Dame,3-Mar
377. De’Sean Turner (Indiana),3:59.81i (4),Notre Dame,3-Mar
378. John Mickowski (unattached),3:57.59i* (1),Seattle,3-Mar
379. Dan Huling (Reebok),3:58.24i (2),Seattle,3-Mar
380. Nick Happe (Arizona State),3:58.73i* (3),Seattle,3-Mar
381. David Adams (unattached),3:58.44* (3),Lawrence,21-Apr
382. Ryan Witt (unattached),3:59.91* (2),Roanoke,10-May
383. Bobby Mack (unattached),3:59.70* (1),Warwick,29-May
384. Elliott Heath (Stanford),3:58.48* (3),Cork,17-Jul
,,,
2013,,,
385. Andrew Poore (adidas),3:58.85i* (1),Bloomington,25-Jan
386. Brannon Kidder (Penn State),3:59.48i (1),University Park,26-Jan
387. Shane Moskowitz (Oklahoma State),3:59.48i* (6),Fayetteville,26-Jan
388. Austin Mudd (Wisconsin),3:59.33i (1),Notre Dame,2-Feb
389. Ryan McNiff (adidas),3:59.11i* (3),Fayetteville,8-Feb
390. Christopher Fallon (Ohio State),3:59.37i* (4),Fayetteville,8-Feb
391. Chad Noelle (Oregon),3:59.57i (1),Seattle,9-Feb
392. Donn Cabral (Nike),3:56.41i* (3),Seattle,9-Feb
393. Brett Johnson (Oregon),3:58.62i* (6),Seattle,9-Feb
394. Tyler Stutzman (Stanford),3:58.85i (2),Seattle,23-Feb
395. Matt Miner (Oregon),3:59.01i* (3),Seattle,23-Feb
396. Jeramy Elkaim (Oregon),3:59.18i* (4),Seattle,23-Feb
397. John Simons (Minnesota),3:59.32i (1),Notre Dame,2-Mar
398. Michael Rutt (New Jersey/New York TC),3:57.18* (2),Philadelphia,27-Apr
399. Tyler Mulder (Nike),3:57.37* (3),Philadelphia,27-Apr
400. Robby Andrews (adidas),3:57.82 (4),Philadelphia,27-Apr
401. Owen Dawson (unattached),3:59.74* (5),Philadelphia,27-Apr
402. Dan Clark (unattached),3:59.45 (2),St. Louis,30-May
403. Isaac Presson (North Carolina),3:58.67* (2),Nashville,1-Jun
404. Dey Dey (unattached),3:59.96* (3),Nashville,1-Jun
405. Trevor Dunbar (unattached),3:59.06 (1),Portland,15-Jul
406. Rob Finnerty (Wisconsin),3:59.42* (2),Portland,15-Jul
407. Dan Lowry (Michigan),3:59.30 (6),Saline,4-Aug
,,,
2014,,,
408. Will Geoghegan (Dartmouth),3:58.04i (1),Boston,25-Jan
409. Jake Edwards (Columbus RC),3:59.47i (2),Geneva,1-Feb
410. Daniel Quigley (Oregon TC),3:59.59i* (4),Seattle,1-Feb
411. Travis Mahoney (New Jersey/New York TC),3:58.61i (5),Boston,8-Feb
412. Pat McGregor (New Jersey/New York TC),3:58.70i* (6),Boston,8-Feb
413. Taylor Gilland (Boston Sharks),3:58.77i* (7),Boston,8-Feb
414. Michael Williams (Princeton),3:59.63i* (1),Boston,8-Feb
415. Sam Penzenstadler (Loyola/Chicago),3:58.21i (2),Notre Dame,8-Feb
416. Matt Hillenbrand (Kentucky),3:57.00i* (2),Ames,15-Feb
417. Izaic Yorks (Washington),3:59.04i (4),Seattle,15-Feb
418. Jesse Garn (Binghamton),3:59.37i (1),Boston,2-Mar
419. Andrew Colley (NC State),3:59.34 (5),Greenville,12-Apr
420. Thomas Awad (Penn),3:58.34 (1),Philadelphia,26-Apr
421. Eric Finan (Team Minnesota),3:58.73* (1),Concord,5-Jun
422. Eric Avila (unattached),3:56.89 (1),San Diego,5-Jun
423. Colby Alexander (Oregon),3:59.69 (4),Burnaby,10-Jul
424. Ford Palmer (New Jersey/New York TC),3:57.61 (1),Raleigh,1-Aug
425. Donnie Cowart (unattached),3:58.43* (2),Raleigh,1-Aug
,,,
2015,,,
426. Sean McGorty (Stanford),3:59.34i (2),Seattle,17-Jan
427. Mike Marsella (Virginia),3:59.97i (1),Boston,31-Jan
428. Ahmed Bile (Georgetown),3:59.04i (2),University Park,31-Jan
429. Martin Hehir (Syracuse),3:59.81i* (4),University Park,31-Jan
430. Steve Mangan (Boston AA),3:58.24i* (4),Boston,14-Feb
431. Amos Bartelsmeyer (Georgetown),3:58.45i (1),Boston,14-Feb
432. Ryan Manahan (Georgetown),3:58.57i* (3),Boston,14-Feb
433. Michael Lederhouse (Georgetown),3:59.54i (4),Boston,14-Feb
434. Johnny Gregorek (Oregon),3:57.47i (10),New York,14-Feb
435. Nate McClafferty (Duke),3:59.95i* (3),Ames,14-Feb
436. Cristian Soratos (Montana State),3:55.27i (1),Seattle,14-Feb
437. Daniel Winn (Oregon),3:57.62i (4),Seattle,14-Feb
438. Jake Hurysz (Colorado),3:58.13i (5),Seattle,14-Feb
439. Matt Daniels (Adams State),3:59.89i* (2),Seattle,15-Feb
440. Thomas Coyle (Stanford),3:59.32i* (3),Seattle,28-Feb
441. Thomas Joyce (Cal),3:58.69 (1),Berkeley,25-Apr
442. Matthew Maton (Oregon HS),3:59.38 (3),Eugene,8-May
443. Jarrett LeBlanc (unattached),3:59.95* (1),Lake Charles,23-May
444. Tyler Pennel (Zap),3:58.99* (2),St. Louis,4-Jun
445. Grant Fisher (Michigan HS),3:59.38* (3),St. Louis,4-Jun
446. Brandon Lasater (Georgia Tech),3:59.24* (1),Nashville,6-Jun
447. Lex Williams (Brooks),3:59.40* (4),Raleigh,7-Aug
448. Brandon Hudgins (Load Anarchy),3:59.67* (5),Raleigh,7-Aug
449. Hassan Mead (Oregon TC),3:59.89 (3),Portland,8-Aug
,,,
2016,,,
450. Henry Wynne (Virginia),3:58.74i (4),Boston,30-Jan
451. Joel Hubbard (Syracuse),3:58.94i (5),Boston,30-Jan
452. Coby Horowitz (PTI),3:59.55i* (1),Boston,30-Jan
453. Blake Haney (Oregon),3:59.10i (2),Fayetteville,30-Jan
454. Colby Gilbert (Washington),3:59.84i (1),Seattle,30-Jan
455. Cole Williams (Georgetown),3:57.88i* (2),Boston,6-Feb
456. Craig Forys (Asics),3:58.02i* (6),New York,6-Feb
457. Drew Hunter (Virginia HS),3:58.25i (7),New York,6-Feb
458. Clayton Murphy (Akron),3:57.11i (1),Akron,6-Feb
459. James Gowans (Cornell),3:58.24i* (1),New York,12-Feb
460. Rob Napolitano (Columbia),3:58.98i (2),New York,12-Feb
461. Travis Burkstrand (Brooks),3:59.69i* (1),Seattle,13-Feb
462. Connor Winter (Colorado),3:59.76i* (2),Seattle,13-Feb
463. David Elliott (Boise State),3:57.38i* (1),Seattle,13-Feb
464. Jacob Burcham (Oklahoma),3:57.46i* (2),Seattle,13-Feb
465. Sam Prakel (Oregon),3:57.95i (3),Seattle,13-Feb
466. Joshua Thompson (Oklahoma State),3:58.33i (4),Seattle,13-Feb
467. Zach Perrin (Colorado),3:59.00i* (4),Seattle,27-Feb
468. Garrett Corcoran (Cal),3:59.79i* (5),Seattle,27-Feb
469. Bryce Basting (unattached),3:59.91i* (1),Boston,28-Feb
470. James Randon (Yale),3:58.85i (1),Boston,6-Mar
471. Michael Slagowski (Idaho HS),3:59.53* (1),Portland,29-Apr
472. Nick Ross (NE Distance),3:59.73* (6),Concord,2-Jun
473. Graham Crawford (NC State),3:56.05* (4),Raleigh,5-Aug
474. Mike Brannigan (New York AC),3:57.58* (7),Raleigh,5-Aug
475. Reed Connor (Hoka),3:59.6* (5),West Chester,11-Aug
476. Brian Barraza (Houston),3:58.66i* (1),College Station,10-Dec
,,,
2017,,,
477. Ned Willig (Michigan),3:58.09i* (2),Boston,28-Jan
478. William Sheeran (Michigan),3:59.15i* (3),Boston,28-Jan
479. Connor Mora (Michigan),3:59.36i* (4),Boston,28-Jan
480. Jack Keelan (Stanford),3:59.62i* (1),University Park,28-Jan
481. Paul Duffey (Northeastern),3:59.30i* (2),Boston,11-Feb
482. Chris Hatler (Penn),3:59.21i (2),New York,11-Feb
483. Craig Nowak (Oklahoma State),3:59.98i (1),Seattle,11-Feb
484. Tim Gorman (Oregon),3:58.78i* (7),Seattle,11-Feb
485. Cole Rockhold (Colorado State),3:59.55i* (8),Seattle,11-Feb
486. Robert Domanic (unattached),3:54.73* (2),Concord,1-Jun
487. Reed Brown (Texas HS),3:59.30 (3),St. Louis,1-Jun
488. Andy Trouard (unattached),3:59.13 (1),Nashville,10-Jun
489. Craig Engels (Mississippi),3:57.67 (2),Raleigh,4-Aug
490. Drew Piazza (Virginia Tech),3:59.03 (6),Raleigh,4-Aug
491. Andrew Dusing (Miami/Ohio),3:59.10* (8),Raleigh,4-Aug
492. Tripp Hurt (Team Run Eugene),3:59.46 (9),Raleigh,4-Aug
493. Donavan Brazier (Nike),3:59.30i* (1),College Station,9-Dec
,,,
2018,,,
494. Brian Shrader (Saucony),3:59.41i* (1),Birmingham,19-Jan
495. Mick Stanovsek (Oregon),3:57.90i (1),New York,27-Jan
496. Cooper Teare (Oregon),3:59.29i (4),New York,27-Jan
497. Kyle Mau (Indiana),3:59.15i (1),Bloomington,27-Jan
498. Jon Davis (Illinois),3:58.46i (1),Champaign,27-Jan
499. Shadrack Kipchirchir (US Army),3:55.52i* (1),Boston,27-Jan
500. Emmanuel Bor (US Army),3:58.77i* (7),Boston,27-Jan
501. David Ribich (Western Oregon),3:58.88i (3),Seattle,27-Jan
502. Colin Abert (Penn State),3:59.51i* (1),University Park,3-Feb
503. Paul Chelimo (US Army),3:58.59i (2),Winston-Salem,3-Feb
504. Vincent Ciattei (Virginia Tech),3:59.57i (5),Winston-Salem,3-Feb
505. Patrick Joseph (Virginia Tech),3:59.59i (6),Winston-Salem,3-Feb
506. Alex Riba (Texas A&M),3:59.12i* (1),Clemson,9-Feb
507. Benjamin Young (Kentucky),3:59.59i* (2),Clemson,9-Feb
508. Michael Hall (Florida State),3:59.37i* (5),Boston,10-Feb
509. Martin Martinez (Brown),3:59.38i* (6),Boston,10-Feb
510. Sam Worley (Texas),3:58.04i (4),Seattle,10-Feb
511. Jordan Mann (Ocean State TC),3:58.94i* (7),Boston,25-Feb
512. Jeremy Hernandez (Ramapo),3:59.01i (2),Boston,25-Feb
513. Reid Buchanan (Skechers),3:59.24i* (3),Boston,25-Feb
514. Louis Serafini (Tracksmith Hare AC),3:59.33i* (4),Boston,25-Feb
515. Willy Fink (Virginia Tech Elite),3:59.44 (3),Atlanta,22-May
516. Nick Harris (unattached),3:58.88 (3),St. Louis,31-May
517. Derek Gutierrez (unattached),3:59.48 (4),St. Louis,31-May
518. Brett Meyer (Fort Hays State),3:59.77 (6),St. Louis,31-May
519. David Timlin (District TC),3:57.69* (3),Concord,7-Jun
520. Charlie Marquardt (Bryn Mawr RC),3:55.97* (9),Raleigh,3-Aug
521. Jacob Thomson (Kentucky),3:57.07* (12),Raleigh,3-Aug
522. Sam Parsons (adidas),3:59.70* (10),Bay Shore,5-Sep
,,,
2019,,,
523. Logan Orndorf (Portland),3:59.94i* (5),Seattle,12-Jan
524. Alex Rogers (Texas),3:59.01i (1),Clemson,18-Jan
525. Ben Groleau (unattached),3:58.93i* (2),Boston,26-Jan
526. Aidan Tooker (Syracuse),3:59.39i* (4),Boston,26-Jan
527. Kasey Knevelbaard (Southern Utah),3:58.54i (2),Seattle,26-Jan
528. Alex Ostberg (Stanford),3:59.31i (4),Seattle,26-Jan
529. Talon Hull (Washington),3:59.56i* (5),Seattle,26-Jan
530. Casey Comber (Villanova),3:57.80i (2),Boston,9-Feb
531. Ben Malone (Hoka New Jersey New York TC),3:58.90i* (5),Boston,9-Feb
532. Sam Ritz (Columbia),3:59.36i* (7),Boston,9-Feb
533. Collin Leibold (Ocean State AC),3:59.51i* (4),Boston,9-Feb
534. Spencer Brown (unattached),3:59.97i* (5),Boston,9-Feb
535. Jeff Thies (Tinman Elite),3:59.89i (4),Ames,9-Feb
536. Jackson Mestler (Oregon),3:59.77i* (7),Seattle,16-Feb
537. Yared Nuguse (Notre Dame),3:57.93i (1),Blacksburg,23-Feb
538. Joe Klecker (Colorado),3:58.51i* (2),Seattle,23-Feb
539. Paul Ryan (Washington State),3:58.79i (3),Seattle,23-Feb
540. Josef Tessema (American Distance Project),3:58.66* (2),St. Louis,30-May
541. Troy Reeder (Furman Elite),3:59.90* (4),Nashville,31-May
542. Eric Holt (Garden State TC),3:58.88 (1),West Long Branch,1-Aug
543. James Quattlebaum (unattached),3:58.62* (7),Raleigh,2-Aug
544. Dillon Maggard (Brooks Beasts),3:57.76 (4),Bay Shore,4-Sep
,,,
2020,,,
545. Waleed Suliman (Mississippi),3:57.03i (1),Nashville,18-Jan
546. Ryan Adams (Furman),3:57.66i* (2),Nashville,18-Jan
547. Abraham Alvarado (Atlanta TC),3:59.69i (4),Nashville,18-Jan
548. Crayton Carrozza (Texas),3:59.82i (3),Boston,25-Jan
549. Jake Brophy (Navy),3:59.98i* (5),Boston,25-Jan
550. Talem Franco (BYU),3:58.09i* (4),Seattle,1-Feb
551. Dustin Nading (Washington),3:59.77i (6),Seattle,1-Feb
552. Sam Ellis (Princeton),3:57.66i (2),Boston,15-Feb
553. Matthew Schadler (Indiana),3:58.45i* (3),Boston,15-Feb
554. AJ Ernst (Virginia),3:59.38i (5),Boston,15-Feb
555. Colin Daly (Penn),3:59.74i (2),Boston,15-Feb
556. Dan Curts (unattached),3:59.29i* (1),Seattle,21-Feb
557. Kenneth Hagen (unattached),3:58.07i* (4),Boston,28-Feb
558. Cole Hocker (Oregon),3:58.20i* (5),Boston,28-Feb
559. Woody Kincaid (Nike Bowerman TC),3:59.23i* (6),Boston,28-Feb
560. Leo Daschbach (Arizona HS),3:59.54* (1),El Dorado Hills,23-May
561. Mason Ferlic (Nike),3:58.87 (3),Marion,25-Jul
562. Jacob Dumford (Under Armour/District TC),3:59.61* (5),Nashville,15-Aug
563. Victor Palumbo (Central Park TC),3:58.79* (1),Columbia,12-Dec
,,,
2021,,,
564. Cameron Ponder (Furman),3:59.34i* (1),Birmingham,22-Jan
565. Everett Smulders (Mississippi),3:58.93i (3),Fayetteville,30-Jan
566. Cruz Culpepper (Washington),3:59.53i (3),Seattle,30-Jan
567. Diego Zarate (unattached),3:57.52i* (1),Blacksburg,6-Feb
568. Bashir Mosavel-Lo (Virginia Tech),3:59.00i* (2),Blacksburg,6-Feb
569. Benjamin Nibbelink (Virginia Tech),3:59.04i (3),Blacksburg,6-Feb
570. Ben Fleming (Virginia Tech),3:59.47i* (4),Blacksburg,6-Feb
571. Hobbs Kessler (Michigan HS),3:57.66i (3),Fayetteville,7-Feb
572. Davis Bove (LSU),3:57.49i (3),Nashville,12-Feb
573. Baylor Franklin (Mississippi),3:59.12i* (5),Nashville,12-Feb
574. Cole Lindhorst (Air Force),3:59.28i* (3),Ames,13-Feb
575. EJ Holland (Oregon),3:59.95i* (4),Fayetteville,13-Feb
576. Colton Johnsen (Washington State),3:57.39i (3),Seattle,13-Feb
577. Zach Stallings (Washington State),3:58.13i (6),Seattle,13-Feb
578. Brandon Tubby (North Carolina),3:57.77i* (1),Clemson,27-Feb
579. Thomas Ratcliffe (North Carolina),3:59.26i (2),Clemson,27-Feb
580. Lucas Bons (BYU),3:55.45i* (2),Seattle,27-Feb
581. Sean Dolan (Villanova),3:57.20i (3),Fayetteville,12-Mar
582. Casey Clinger (BYU),3:59.02(A) (1),Provo,24-Apr
583. Jack Salisbury (Georgetown),3:56.22* (1),Charlottesville,1-May
584. Parker Stokes (Georgetown),3:59.89 (2),Charlottesville,1-May
585. Dan Schaffer (Binghamton),3:58.44 (1),Toledo,15-May
586. Bryce Richards (unattached),3:57.61* (3),St. Louis,3-Jun
587. Sean Torpy (Miami/Ohio),3:59.04* (1),Nashville,6-Jun
588. Wesley Meyer (Lipscomb),3:59.69* (2),Nashville,6-Jun
589. Shane Streich (Lipscomb),3:58.04 (1),Milwaukee,1-Jul
590. Olin Hacker (Wisconsin),3:59.04 (2),Milwaukee,1-Jul
591. Isaac Updike (Empire Elite),3:58.26* (1),Mission Viejo,18-Jul
592. Liam Meirow (Nike Bowerman TC),3:59.40* (2),Mission Viejo,18-Jul
593. Andrew Rafla (Asics Idaho Distance Project),3:57.84* (3),Mission Viejo,18-Jul
594. Obsa Ali (Asics),3:59.25* (8),Mission Viejo,18-Jul
595. Tai Dinger (unattached),3:57.72* (8),Raleigh,6-Aug
596. Isaiah Harris (Nike),3:58.30* (9),Raleigh,6-Aug
597. Biya Simbassa (Under Armour),3:58.71* (10),Raleigh,6-Aug
598. Brian Crimmins (unattached),3:58.73* (1),West Chester,12-Aug
599. Isaac Basten (Drake),3:58.88i (1),Ames,11-Dec
,,,
2022,,,
600. Ryan Schoppe (Oklahoma State),3:58.71i (1),Fayetteville,14-Jan
601. Luke Houser (Washington),3:57.17i (5),Seattle,15-Jan
602. Ben Veatch (Indiana),3:59.73i (1),Bloomington,21-Jan
603. Dereck Elkins (Mississippi),3:59.46i* (3),Nashville,22-Jan
604. Christian Noble (Lee-Tennessee),3:59.70i (4),Nashville,22-Jan
605. Dylan Jacobs (Notre Dame),3:57.67i* (2),Notre Dame,22-Jan
606. Evan Dorenkamp (Penn State),3:57.15i (1),University Park,29-Jan
607. Ray Sellaro (Penn),3:57.89i* (4),University Park,29-Jan
608. Liam Murphy (Villanova),3:59.63i* (5),University Park,29-Jan
609. Elliott Cook (Oregon),3:59.02i (1),Fayetteville,29-Jan
610. Matt Strangio (Portland),3:59.19i* (1),Seattle,29-Jan
611. Colin Schultz (Run Flagstaff),3:59.20i (2),Seattle,29-Jan
612. Abdihamid Nur Northern Arizona),3:55.94i* (3),Seattle,29-Jan
613. Nico Young (Northern Arizona)),3:56.00i* (4),Seattle,29-Jan
614. Drew Bosley (Northern Arizona),3:59.34i* (6),Seattle,29-Jan
615. Aidan Ryan (Williams),3:56.88i (4),Boston,30-Jan
616. Eric Van der Els (Connecticut),3:58.76i* (7),Boston,30-Jan
617. Joe Dragon (unattached),3:59.19i* (1),Boston,30-Jan
618. Nathan Henderson (Syracuse),3:59.43i* (2),Boston,30-Jan
619. Colin Sahlman (California HS),3:58.81i (1),New York,5-Feb
620. Matthew Payamps (Georgetown),3:55.53i* (1),Boston,5-Feb
621. Camden Gilmore (Georgetown),3:58.36i* (2),Boston,5-Feb
622. Robert Becker (Stony Brook),3:58.98i* (4),Boston,5-Feb
623. Robert Miranda (Yale),3:59.27i* (5),Boston,5-Feb
624. Duncan Hamilton (Montana State),3:59.64i* (1),Spokane,5-Feb
625. Nick Dahl (Duke),3:55.89i (6),Nashville,11-Feb
626. Morgan Beadlescomb (Michigan State),3:52.03i* (3),Chicago,11-Feb
627. Cruz Gomez (Texas),3:57.09i* (2),Boston,12-Feb
628. Yaseen Abdalla (Texas),3:57.53i* (4),Boston,12-Feb
629. Brendan Hebert (Texas),3:59.96i* (2),Boston,12-Feb
630. David Nelsen (Navy),3:59.52i* (1),Boston,12-Feb
631. Luke Tewalt (Wake Forest),3:59.94i* (4),Lynchburg,12-Feb
632. Nick Foster (Michigan),3:58.49i (2),Chicago,12-Feb
633. Joe Waskom (Washington),3:59.65i (1),Seattle,12-Feb
634. Alex Maier (Oklahoma State),3:56.44i* (1),Seattle,12-Feb
635. Tracen Warnick (Weber State),3:58.52i* (4),Seattle,12-Feb
636. Nate Osterstock (Southern Utah),3:59.38i* (6),Seattle,12-Feb
637. Abdirizak Ibrahim (New Mexico),3:57.85i (4),Fayetteville,18-Feb
638. Austen Dalquist (unattached),3:57.99i (7),Fayetteville,18-Feb
639. Camren Fischer (Princeton),3:58.73i* (8),Fayetteville,18-Feb
640. Mason Strader (Pittsburg State),3:58.47i* (1),Fayetteville,18-Feb
641. Caleb Webb (unattached),3:58.56i (2),Fayetteville,18-Feb
642. Jacob McLeod (unattached),3:58.63i* (3),Fayetteville,18-Feb
643. John Petruno (Michigan State),3:58.16i* (2),Geneva,25-Feb
644. Matt Rizzo (Georgetown),3:58.64i (2),Chicago,26-Feb
645. Marquette Wilhite (Missouri),3:58.90i* (6),College Station,26-Feb
646. Eduardo Herrera (Colorado),3:57.16i (1),Seattle,26-Feb
647. Jack Yearian (Oregon),3:54.54i* (3),Boston,27-Feb
648. Robert Brandt (Under Armour),3:55.70i* (6),Boston,27-Feb
649. Derek Holmes (Massachusetts Lowell),3:59.57* (2),Providence,9-Apr
650. Wes Porter (Virginia),3:58.84 (1),Charlottesville,4-May
651. Yasin Sado (Virginia),3:58.92* (2),Charlottesville,4-May
652. Lucas Guerra (Georgetown),3:59.54 (3),Charlottesville,4-May
653. Abel Teffra (Georgetown),3:59.82 (4),Charlottesville,4-May
654. Gary Martin (Pennsylvania HS),3:57.98 (1),Springfield,14-May
655. Connor Burns (Missouri HS),3:58.83* (5),St. Louis,2-Jun
656. Rheinhardt Harrison (Florida HS),3:59.33* (1),Gibsonton,3-Jun
657. Adam Bradtmueller (East Tennessee),3:57.91* (1),Nashville,5-Jun
658. Luke Combs (Air Force),3:58.67* (2),Nashville,5-Jun
659. Joey Berriatua (Tinman Elite),3:58.77 (3),Nashville,5-Jun
660. Simeon Birnbaum (South Dakota HS),3:59.51 (1),Seattle,15-Jun
661. Daniel Michalski (Nike),3:57.25* (10),Raleigh,5-Aug
662. Alec Basten (Minnesota),3:58.55i (11),Raleigh,5-Aug
663. Benjamin Allen (Empire Elite TC),3:59.40 (12),Raleigh,5-Aug
,,,
2023,,,
664. Lex Hilton (Arkansas),3:58.70i* (1),Fayetteville,13-Jan
665. Arjun Zha (Michigan),3:59.24i (4),Ann Arbor,14-Jan
666. Jake Gebhardt (Indiana),3:59.18i* (1),Nashville,14-Jan
667. Camden Marshall (Indiana),3:59.30i (2),Nashville,14-Jan
668. Cole Sprout (Stanford),3:56.53i* (2),Seattle,14-Jan
669. Thomas Boyden (Stanford),3:57.06i* (3),Seattle,14-Jan
670. Nathan Green (Washington),3:58.27i (4),Seattle,14-Jan
671. John Lester (Stanford),3:58.88i (6),Seattle,14-Jan
672. Ethan Strand (North Carolina),3:59.83i (2),Blacksburg,20-Jan
673. Anthony Camerieri (Mississippi),3:58.75i (2),Nashville,21-Jan
674. Austin Miller (Tinman Elite),3:57.90i (7),Boston,27-Jan
675. Jacob Brueckman (Roots Running Project),3:59.60i* (8),Boston,27-Jan
676. Steven Jackson (Boston College),3:57.70i* (1),Boston,27-Jan
677. Joe dosReis (Davidson),3:58.34i (2),Boston,27-Jan
678. Carson Williams (Furman),3:59.64i* (1),Clemson,27-Jan
679. Ronan McMahon-Staggs (UCLA),3:57.81i (4),New York,28-Jan
680. Rhys Hammond (Cornell),3:58.90i (5),New York,28-Jan
681. James Lee (Duke),3:59.22i (5),University Park,28-Jan
682. Jack Aho (North Carolina),3:59.63i* (6),University Park,28-Jan
683. Chad Johnson (Iowa State),3:59.12i* (4),Fayetteville,28-Jan
684. Kenneth Rooks (BYU),3:59.65i* (5),Fayetteville,28-Jan
685. Graham Blanks (Harvard),3:56.63i* (2),Boston,4-Feb
686. Acer Iverson (Harvard),3:58.27i* (5),Boston,4-Feb
687. Carter Solomon (Notre Dame),3:57.13i* (3),Notre Dame,4-Feb
688. Baidy Ba (Kent State),3:59.47i* (5),Notre Dame,4-Feb
689. Tyler Wirth (Cincinnati),3:59.89i* (6),Notre Dame,4-Feb
690. Billy Ulrich (unattached),3:59.35i* (3),Ames,4-Feb
691. Wil Smith (Gonzaga),3:59.91i* (1),Spokane,4-Feb
692. Parker Wolfe (North Carolina),3:59.36i* (4),Nashville,10-Feb
693. Christian Baker (Tulsa),3:59.88i* (1),Chicago,10-Feb
694. Conor Murphy (Virginia),3:55.24i* (1),Boston,11-Feb
695. John Reniewicki (Under Armour),3:57.02i* (6),Boston,11-Feb
696. Gavin Gaynor (unattached),3:57.76i* (8),Boston,11-Feb
697. Alexander Rizzo (Navy),3:58.75i* (3),Boston,11-Feb
698. Nathan Mountain (Virginia),3:59.01i* (4),Boston,11-Feb
699. Karl Winter (Syracuse),3:59.25i* (6),Boston,11-Feb
700. Zach Michon (Philadelphia Runner TC),3:58.00i* (2),Boston,11-Feb
701. Mac Franks (North Florida),3:58.56i* (3),Boston,11-Feb
702. Luke Julian (Colorado School of Mines),3:58.62i* (4),Boston,11-Feb
703. Brandon Hontz (Penn State),3:59.13i* (5),Boston,11-Feb
704. Nicholas Bendtsen (Princeton),3:59.47i* (6),Boston,11-Feb
705. Ryan Wilson (MIT),3:55.29i* (1),Boston,11-Feb
706. James Donahue (Virginia),3:57.44i* (2),Boston,11-Feb
707. DJ Principe (Providence),3:58.62i* (3),Boston,11-Feb
708. Brett Gardner (NC State),3:58.15i* (1),Boston,11-Feb
709. Jacob Gillum (unattached),3:59.10i* (2),Boston,11-Feb
710. Sean Maison (Air Force),3:59.33i (3),Boston,11-Feb
711. Jack Pinho (Boston AA),3:59.54i* (4),Boston,11-Feb
712. Ryan Riddle (Missouri Southern),3:59.25i* (1),Pittsburg,11-Feb
713. Garrett MacQuiddy (Cal),3:59.96i (1),Seattle,11-Feb
714. Isaiah Givens (Colorado),3:59.57i (4),Seattle,11-Feb
715. Jesse Hamlin (Butler),3:59.25i* (2),Chicago,25-Feb
716. Matt Wisner (Oregon TC),3:57.10i* (3),Boston,26-Feb
717. Sean Peterson (New Balance),3:59.75i* (9),Boston,26-Feb
718. Matthew Wilkinson (unattached),3:58.82i* (1),Boston,26-Feb
719. Aidan McCarthy (Cal Poly SLO),3:59.42i (2),Boston,26-Feb
720. Xian Shively (Cal Poly SLO),3:59.74i* (4),Boston,26-Feb
721. Ben Godish (Northeastern),3:59.18* (1),Providence,14-Apr
722. Marco Langon (unattached),3:58.82* (1),Chester,21-Apr
723. Michael Keehan (Penn),3:59.73* (2),Chester,21-Apr
724. Rocky Hansen (North Carolina HS),3:59.56 (1),Charlottesville,30-Apr
725. Jack Eliason (Virginia),3:59.64* (2),Charlottesville,30-Apr
726. Ben Nagel (Virginia Tech),3:59.96* (3),Charlottesville,30-Apr
727. Tinoda Matsatsa (Maryland HS),3:58.70* (3),St. Louis,1-Jun
728. Jackson Heidesch (Iowa HS),3:59.08* (4),St. Louis,1-Jun
729. Luciano Fiore (Empire Elite TC),3:59.38* (7),Lincroft,31-Aug
730. Parker Schneider (Boston University),3:56.67i* (4),Boston,2-Dec
731. Sair Salgado (unattached),3:57.75i* (5),Boston,2-Dec
732. Carson Smith (Cal Poly SLO),3:59.41i* (7),Boston,2-Dec